"id","subdivision_id","name","local_name"
"011002","JP-01","Sapporoshi","札幌市"
"012025","JP-01","Hakodateshi","函館市"
"012033","JP-01","Otarushi","小樽市"
"012041","JP-01","Asahikawashi","旭川市"
"012050","JP-01","Muroranshi","室蘭市"
"012068","JP-01","Kushiroshi","釧路市"
"012076","JP-01","Obihiroshi","帯広市"
"012084","JP-01","Kitamishi","北見市"
"012092","JP-01","Yuubarishi","夕張市"
"012106","JP-01","Iwamizawashi","岩見沢市"
"012114","JP-01","Abashirishi","網走市"
"012122","JP-01","Rumoishi","留萌市"
"012131","JP-01","Tomakomaishi","苫小牧市"
"012149","JP-01","Wakkanaishi","稚内市"
"012157","JP-01","Bibaishi","美唄市"
"012165","JP-01","Ashibetsushi","芦別市"
"012173","JP-01","Ebetsushi","江別市"
"012181","JP-01","Akabirashi","赤平市"
"012190","JP-01","Monbetsushi","紋別市"
"012203","JP-01","Shibetsushi","士別市"
"012211","JP-01","Nayoroshi","名寄市"
"012220","JP-01","Mikasashi","三笠市"
"012238","JP-01","Nemuroshi","根室市"
"012246","JP-01","Chitoseshi","千歳市"
"012254","JP-01","Takikawashi","滝川市"
"012262","JP-01","Sunagawashi","砂川市"
"012271","JP-01","Utashinaishi","歌志内市"
"012289","JP-01","Fukagawashi","深川市"
"012297","JP-01","Furanoshi","富良野市"
"012301","JP-01","Noboribetsushi","登別市"
"012319","JP-01","Eniwashi","恵庭市"
"012335","JP-01","Dateshi","伊達市"
"012343","JP-01","Kitahiroshimashi","北広島市"
"012351","JP-01","Ishikarishi","石狩市"
"012360","JP-01","Hokutoshi","北斗市"
"013030","JP-01","Toubetsuchou","当別町"
"013048","JP-01","Shinshinotsumura","新篠津村"
"013315","JP-01","Matsumaechou","松前町"
"013323","JP-01","Fukushimachou","福島町"
"013331","JP-01","Shiriuchichou","知内町"
"013340","JP-01","Kikonaichou","木古内町"
"013374","JP-01","Nanaechou","七飯町"
"013439","JP-01","Shikabechou","鹿部町"
"013455","JP-01","Morimachi","森町"
"013463","JP-01","Yakumochou","八雲町"
"013471","JP-01","Oshamanbechou","長万部町"
"013617","JP-01","Esashichou","江差町"
"013625","JP-01","Kaminokunichou","上ノ国町"
"013633","JP-01","Assabuchou","厚沢部町"
"013641","JP-01","Otobechou","乙部町"
"013676","JP-01","Okushirichou","奥尻町"
"013706","JP-01","Imakanechou","今金町"
"013714","JP-01","Setanachou","せたな町"
"013919","JP-01","Shimamakimura","島牧村"
"013927","JP-01","Suttsuchou","寿都町"
"013935","JP-01","Kuromatsunaichou","黒松内町"
"013943","JP-01","Rankoshichou","蘭越町"
"013951","JP-01","Nisekochou","ニセコ町"
"013960","JP-01","Makkarimura","真狩村"
"013978","JP-01","Rusutsumura","留寿都村"
"013986","JP-01","Kimobetsuchou","喜茂別町"
"013994","JP-01","Kyougokuchou","京極町"
"014001","JP-01","Kutchanchou","倶知安町"
"014010","JP-01","Kyouwachou","共和町"
"014028","JP-01","Iwanaichou","岩内町"
"014036","JP-01","Tomarimura","泊村"
"014044","JP-01","Kamoenaimura","神恵内村"
"014052","JP-01","Shakotanchou","積丹町"
"014061","JP-01","Furubirachou","古平町"
"014079","JP-01","Nikichou","仁木町"
"014087","JP-01","Yoichichou","余市町"
"014095","JP-01","Akaigawamura","赤井川村"
"014231","JP-01","Nanporochou","南幌町"
"014249","JP-01","Naiechou","奈井江町"
"014257","JP-01","Kamisunagawachou","上砂川町"
"014273","JP-01","Yunichou","由仁町"
"014281","JP-01","Naganumachou","長沼町"
"014290","JP-01","Kuriyamachou","栗山町"
"014303","JP-01","Tsukigatachou","月形町"
"014311","JP-01","Urausuchou","浦臼町"
"014320","JP-01","Shintotsukawachou","新十津川町"
"014338","JP-01","Moseushichou","妹背牛町"
"014346","JP-01","Chippubetsuchou","秩父別町"
"014362","JP-01","Uryuuchou","雨竜町"
"014371","JP-01","Hokuryuuchou","北竜町"
"014389","JP-01","Numatachou","沼田町"
"014524","JP-01","Takasuchou","鷹栖町"
"014532","JP-01","Higashikagurachou","東神楽町"
"014541","JP-01","Toumachou","当麻町"
"014559","JP-01","Pippuchou","比布町"
"014567","JP-01","Aibetsuchou","愛別町"
"014575","JP-01","Kamikawachou","上川町"
"014583","JP-01","Higashikawachou","東川町"
"014591","JP-01","Bieichou","美瑛町"
"014605","JP-01","Kamifuranochou","上富良野町"
"014613","JP-01","Nakafuranochou","中富良野町"
"014621","JP-01","Minamifuranochou","南富良野町"
"014630","JP-01","Shimukappumura","占冠村"
"014648","JP-01","Wassamuchou","和寒町"
"014656","JP-01","Kenbuchichou","剣淵町"
"014681","JP-01","Shimokawachou","下川町"
"014699","JP-01","Bifukachou","美深町"
"014702","JP-01","Otoineppumura","音威子府村"
"014711","JP-01","Nakagawachou","中川町"
"014729","JP-01","Horokanaichou","幌加内町"
"014818","JP-01","Mashikechou","増毛町"
"014826","JP-01","Obirachou","小平町"
"014834","JP-01","Tomamaechou","苫前町"
"014842","JP-01","Haborochou","羽幌町"
"014851","JP-01","Shosanbetsumura","初山別村"
"014869","JP-01","Enbetsuchou","遠別町"
"014877","JP-01","Teshiochou","天塩町"
"015113","JP-01","Sarufutsumura","猿払村"
"015121","JP-01","Hamatonbetsuchou","浜頓別町"
"015130","JP-01","Nakatonbetsuchou","中頓別町"
"015148","JP-01","Esashichou","枝幸町"
"015164","JP-01","Toyotomichou","豊富町"
"015172","JP-01","Rebunchou","礼文町"
"015181","JP-01","Rishirichou","利尻町"
"015199","JP-01","Rishirifujichou","利尻富士町"
"015202","JP-01","Horonobechou","幌延町"
"015431","JP-01","Bihorochou","美幌町"
"015440","JP-01","Tsubetsuchou","津別町"
"015458","JP-01","Sharichou","斜里町"
"015466","JP-01","Kiyosatochou","清里町"
"015474","JP-01","Koshimizuchou","小清水町"
"015491","JP-01","Kunneppuchou","訓子府町"
"015504","JP-01","Oketochou","置戸町"
"015521","JP-01","Saromachou","佐呂間町"
"015555","JP-01","Engaruchou","遠軽町"
"015598","JP-01","Yuubetsuchou","湧別町"
"015601","JP-01","Takinouechou","滝上町"
"015610","JP-01","Okoppechou","興部町"
"015628","JP-01","Nishiokoppemura","西興部村"
"015636","JP-01","Oumuchou","雄武町"
"015644","JP-01","Oozorachou","大空町"
"015717","JP-01","Toyourachou","豊浦町"
"015750","JP-01","Soubetsuchou","壮瞥町"
"015784","JP-01","Shiraoichou","白老町"
"015814","JP-01","Atsumachou","厚真町"
"015849","JP-01","Touyakochou","洞爺湖町"
"015857","JP-01","Abirachou","安平町"
"015865","JP-01","Mukawachou","むかわ町"
"016012","JP-01","Hidakachou","日高町"
"016021","JP-01","Biratorichou","平取町"
"016047","JP-01","Niikappuchou","新冠町"
"016071","JP-01","Urakawachou","浦河町"
"016080","JP-01","Samanichou","様似町"
"016098","JP-01","Erimochou","えりも町"
"016101","JP-01","Shinhidakachou","新ひだか町"
"016314","JP-01","Otofukechou","音更町"
"016322","JP-01","Shihorochou","士幌町"
"016331","JP-01","Kamishihorochou","上士幌町"
"016349","JP-01","Shikaoichou","鹿追町"
"016357","JP-01","Shintokuchou","新得町"
"016365","JP-01","Shimizuchou","清水町"
"016373","JP-01","Memurochou","芽室町"
"016381","JP-01","Nakasatsunaimura","中札内村"
"016390","JP-01","Sarabetsumura","更別村"
"016411","JP-01","Taikichou","大樹町"
"016420","JP-01","Hiroochou","広尾町"
"016438","JP-01","Makubetsuchou","幕別町"
"016446","JP-01","Ikedachou","池田町"
"016454","JP-01","Toyokorochou","豊頃町"
"016462","JP-01","Honbetsuchou","本別町"
"016471","JP-01","Ashorochou","足寄町"
"016489","JP-01","Rikubetsuchou","陸別町"
"016497","JP-01","Urahorochou","浦幌町"
"016616","JP-01","Kushirochou","釧路町"
"016624","JP-01","Akkeshichou","厚岸町"
"016632","JP-01","Hamanakachou","浜中町"
"016641","JP-01","Shibechachou","標茶町"
"016659","JP-01","Teshikagachou","弟子屈町"
"016675","JP-01","Tsuruimura","鶴居村"
"016683","JP-01","Shiranukachou","白糠町"
"016918","JP-01","Betsukaichou","別海町"
"016926","JP-01","Nakashibetsuchou","中標津町"
"016934","JP-01","Shibetsuchou","標津町"
"016942","JP-01","Rausuchou","羅臼町"
"022012","JP-02","Aomorishi","青森市"
"022021","JP-02","Hirosakishi","弘前市"
"022039","JP-02","Hachinoheshi","八戸市"
"022047","JP-02","Kuroishishi","黒石市"
"022055","JP-02","Goshogawarashi","五所川原市"
"022063","JP-02","Towadashi","十和田市"
"022071","JP-02","Misawashi","三沢市"
"022080","JP-02","Mutsushi","むつ市"
"022098","JP-02","Tsugarushi","つがる市"
"022101","JP-02","Hirakawashi","平川市"
"023019","JP-02","Hiranaimachi","平内町"
"023035","JP-02","Imabetsumachi","今別町"
"023043","JP-02","Yomogitamura","蓬田村"
"023078","JP-02","Sotogahamamachi","外ヶ浜町"
"023213","JP-02","Ajigasawamachi","鰺ヶ沢町"
"023230","JP-02","Fukauramachi","深浦町"
"023434","JP-02","Nishimeyamura","西目屋村"
"023612","JP-02","Fujisakimachi","藤崎町"
"023621","JP-02","Oowanimachi","大鰐町"
"023671","JP-02","Inakadatemura","田舎館村"
"023817","JP-02","Itayanagimachi","板柳町"
"023841","JP-02","Tsurutamachi","鶴田町"
"023876","JP-02","Nakadomarimachi","中泊町"
"024015","JP-02","Nohejimachi","野辺地町"
"024023","JP-02","Shichinohemachi","七戸町"
"024058","JP-02","Rokunohemachi","六戸町"
"024066","JP-02","Yokohamamachi","横浜町"
"024082","JP-02","Touhokumachi","東北町"
"024112","JP-02","Rokkashomura","六ヶ所村"
"024121","JP-02","Oirasechou","おいらせ町"
"024236","JP-02","Oomamachi","大間町"
"024244","JP-02","Higashidoorimura","東通村"
"024252","JP-02","Kazamauramura","風間浦村"
"024261","JP-02","Saimura","佐井村"
"024414","JP-02","Sannohemachi","三戸町"
"024422","JP-02","Gonohemachi","五戸町"
"024431","JP-02","Takkomachi","田子町"
"024457","JP-02","Nanbuchou","南部町"
"024465","JP-02","Hashikamichou","階上町"
"024503","JP-02","Shingoumura","新郷村"
"032018","JP-03","Moriokashi","盛岡市"
"032026","JP-03","Miyakoshi","宮古市"
"032034","JP-03","Oofunatoshi","大船渡市"
"032051","JP-03","Hanamakishi","花巻市"
"032069","JP-03","Kitakamishi","北上市"
"032077","JP-03","Kujishi","久慈市"
"032085","JP-03","Toonoshi","遠野市"
"032093","JP-03","Ichinosekishi","一関市"
"032107","JP-03","Rikuzentakatashi","陸前高田市"
"032115","JP-03","Kamaishishi","釜石市"
"032131","JP-03","Ninoheshi","二戸市"
"032140","JP-03","Hachimantaishi","八幡平市"
"032158","JP-03","Oushuushi","奥州市"
"032166","JP-03","Takizawashi","滝沢市"
"033014","JP-03","Shizukuishichou","雫石町"
"033022","JP-03","Kuzumakimachi","葛巻町"
"033031","JP-03","Iwatemachi","岩手町"
"033219","JP-03","Shiwachou","紫波町"
"033227","JP-03","Yahabachou","矢巾町"
"033669","JP-03","Nishiwagamachi","西和賀町"
"033812","JP-03","Kanegasakichou","金ケ崎町"
"034029","JP-03","Hiraizumichou","平泉町"
"034410","JP-03","Sumitachou","住田町"
"034614","JP-03","Ootsuchichou","大槌町"
"034827","JP-03","Yamadamachi","山田町"
"034835","JP-03","Iwaizumichou","岩泉町"
"034843","JP-03","Tanohatamura","田野畑村"
"034851","JP-03","Fudaimura","普代村"
"035017","JP-03","Karumaimachi","軽米町"
"035033","JP-03","Nodamura","野田村"
"035068","JP-03","Kunohemura","九戸村"
"035076","JP-03","Hironochou","洋野町"
"035246","JP-03","Ichinohemachi","一戸町"
"041009","JP-04","Sendaishi","仙台市"
"042021","JP-04","Ishinomakishi","石巻市"
"042030","JP-04","Shiogamashi","塩竈市"
"042056","JP-04","Kesennumashi","気仙沼市"
"042064","JP-04","Shiroishishi","白石市"
"042072","JP-04","Natorishi","名取市"
"042081","JP-04","Kakudashi","角田市"
"042099","JP-04","Tagajoushi","多賀城市"
"042111","JP-04","Iwanumashi","岩沼市"
"042129","JP-04","Tomeshi","登米市"
"042137","JP-04","Kuriharashi","栗原市"
"042145","JP-04","Higashimatsushimashi","東松島市"
"042153","JP-04","Oosakishi","大崎市"
"042161","JP-04","Tomiyashi","富谷市"
"043010","JP-04","Zaoumachi","蔵王町"
"043028","JP-04","Shichikashukumachi","七ヶ宿町"
"043214","JP-04","Oogawaramachi","大河原町"
"043222","JP-04","Muratamachi","村田町"
"043231","JP-04","Shibatamachi","柴田町"
"043249","JP-04","Kawasakimachi","川崎町"
"043419","JP-04","Marumorimachi","丸森町"
"043613","JP-04","Watarichou","亘理町"
"043621","JP-04","Yamamotochou","山元町"
"044016","JP-04","Matsushimamachi","松島町"
"044041","JP-04","Shichigahamamachi","七ヶ浜町"
"044067","JP-04","Rifuchou","利府町"
"044211","JP-04","Taiwachou","大和町"
"044229","JP-04","Oosatochou","大郷町"
"044245","JP-04","Oohiramura","大衡村"
"044440","JP-04","Shikamachou","色麻町"
"044458","JP-04","Kamimachi","加美町"
"045012","JP-04","Wakuyachou","涌谷町"
"045055","JP-04","Misatomachi","美里町"
"045811","JP-04","Onagawachou","女川町"
"046060","JP-04","Minamisanrikuchou","南三陸町"
"052019","JP-05","Akitashi","秋田市"
"052027","JP-05","Noshiroshi","能代市"
"052035","JP-05","Yokoteshi","横手市"
"052043","JP-05","Oodateshi","大館市"
"052060","JP-05","Ogashi","男鹿市"
"052078","JP-05","Yuzawashi","湯沢市"
"052094","JP-05","Kazunoshi","鹿角市"
"052108","JP-05","Yurihonjoushi","由利本荘市"
"052116","JP-05","Katagamishi","潟上市"
"052124","JP-05","Daisenshi","大仙市"
"052132","JP-05","Kitaakitashi","北秋田市"
"052141","JP-05","Nikahoshi","にかほ市"
"052159","JP-05","Senbokushi","仙北市"
"053031","JP-05","Kosakamachi","小坂町"
"053279","JP-05","Kamikoanimura","上小阿仁村"
"053465","JP-05","Fujisatomachi","藤里町"
"053481","JP-05","Mitanechou","三種町"
"053490","JP-05","Happouchou","八峰町"
"053619","JP-05","Gojoumemachi","五城目町"
"053635","JP-05","Hachirougatamachi","八郎潟町"
"053660","JP-05","Ikawamachi","井川町"
"053686","JP-05","Oogatamura","大潟村"
"054348","JP-05","Misatochou","美郷町"
"054631","JP-05","Ugomachi","羽後町"
"054640","JP-05","Higashinarusemura","東成瀬村"
"062014","JP-06","Yamagatashi","山形市"
"062022","JP-06","Yonezawashi","米沢市"
"062031","JP-06","Tsuruokashi","鶴岡市"
"062049","JP-06","Sakatashi","酒田市"
"062057","JP-06","Shinjoushi","新庄市"
"062065","JP-06","Sagaeshi","寒河江市"
"062073","JP-06","Kaminoyamashi","上山市"
"062081","JP-06","Murayamashi","村山市"
"062090","JP-06","Nagaishi","長井市"
"062103","JP-06","Tendoushi","天童市"
"062111","JP-06","Higashineshi","東根市"
"062120","JP-06","Obanazawashi","尾花沢市"
"062138","JP-06","Nanyoushi","南陽市"
"063011","JP-06","Yamanobemachi","山辺町"
"063029","JP-06","Nakayamamachi","中山町"
"063215","JP-06","Kahokuchou","河北町"
"063223","JP-06","Nishikawamachi","西川町"
"063231","JP-06","Asahimachi","朝日町"
"063240","JP-06","Ooemachi","大江町"
"063410","JP-06","Ooishidamachi","大石田町"
"063614","JP-06","Kaneyamamachi","金山町"
"063622","JP-06","Mogamimachi","最上町"
"063631","JP-06","Funagatamachi","舟形町"
"063649","JP-06","Mamurogawamachi","真室川町"
"063657","JP-06","Ookuramura","大蔵村"
"063665","JP-06","Sakegawamura","鮭川村"
"063673","JP-06","Tozawamura","戸沢村"
"063819","JP-06","Takahatamachi","高畠町"
"063827","JP-06","Kawanishimachi","川西町"
"064017","JP-06","Ogunimachi","小国町"
"064025","JP-06","Shiratakamachi","白鷹町"
"064033","JP-06","Iidemachi","飯豊町"
"064262","JP-06","Mikawamachi","三川町"
"064289","JP-06","Shiyounaimachi","庄内町"
"064611","JP-06","Yuzamachi","遊佐町"
"072010","JP-07","Fukushimashi","福島市"
"072028","JP-07","Aizuwakamatsushi","会津若松市"
"072036","JP-07","Kooriyamashi","郡山市"
"072044","JP-07","Iwakishi","いわき市"
"072052","JP-07","Shirakawashi","白河市"
"072079","JP-07","Sukagawashi","須賀川市"
"072087","JP-07","Kitakatashi","喜多方市"
"072095","JP-07","Soumashi","相馬市"
"072109","JP-07","Nihonmatsushi","二本松市"
"072117","JP-07","Tamurashi","田村市"
"072125","JP-07","Minamisoumashi","南相馬市"
"072133","JP-07","Dateshi","伊達市"
"072141","JP-07","Motomiyashi","本宮市"
"073016","JP-07","Koorimachi","桑折町"
"073032","JP-07","Kunimimachi","国見町"
"073083","JP-07","Kawamatamachi","川俣町"
"073229","JP-07","Ootamamura","大玉村"
"073423","JP-07","Kagamiishimachi","鏡石町"
"073440","JP-07","Ten'eimura","天栄村"
"073628","JP-07","Shimogoumachi","下郷町"
"073644","JP-07","Hinoematamura","檜枝岐村"
"073679","JP-07","Tadamimachi","只見町"
"073687","JP-07","Minamiaizumachi","南会津町"
"074021","JP-07","Kitashiobaramura","北塩原村"
"074055","JP-07","Nishiaizumachi","西会津町"
"074071","JP-07","Bandaimachi","磐梯町"
"074080","JP-07","Inawashiromachi","猪苗代町"
"074217","JP-07","Aizubangemachi","会津坂下町"
"074225","JP-07","Yugawamura","湯川村"
"074233","JP-07","Yanaizumachi","柳津町"
"074446","JP-07","Mishimamachi","三島町"
"074454","JP-07","Kaneyamamachi","金山町"
"074462","JP-07","Shouwamura","昭和村"
"074471","JP-07","Aizumisatomachi","会津美里町"
"074616","JP-07","Nishigoumura","西郷村"
"074641","JP-07","Izumizakimura","泉崎村"
"074659","JP-07","Nakajimamura","中島村"
"074667","JP-07","Yabukimachi","矢吹町"
"074811","JP-07","Tanaguramachi","棚倉町"
"074829","JP-07","Yamatsurimachi","矢祭町"
"074837","JP-07","Hanawamachi","塙町"
"074845","JP-07","Samegawamura","鮫川村"
"075019","JP-07","Ishikawamachi","石川町"
"075027","JP-07","Tamakawamura","玉川村"
"075035","JP-07","Hiratamura","平田村"
"075043","JP-07","Asakawamachi","浅川町"
"075051","JP-07","Furudonomachi","古殿町"
"075213","JP-07","Miharumachi","三春町"
"075221","JP-07","Onomachi","小野町"
"075418","JP-07","Hironomachi","広野町"
"075426","JP-07","Narahamachi","楢葉町"
"075434","JP-07","Tomiokamachi","富岡町"
"075442","JP-07","Kawauchimura","川内村"
"075451","JP-07","Ookumamachi","大熊町"
"075469","JP-07","Futabamachi","双葉町"
"075477","JP-07","Namiemachi","浪江町"
"075485","JP-07","Katsuraomura","葛尾村"
"075612","JP-07","Shinchimachi","新地町"
"075647","JP-07","Iitatemura","飯舘村"
"082015","JP-08","Mitoshi","水戸市"
"082023","JP-08","Hitachishi","日立市"
"082031","JP-08","Tsuchiurashi","土浦市"
"082040","JP-08","Kogashi","古河市"
"082058","JP-08","Ishiokashi","石岡市"
"082074","JP-08","Yuukishi","結城市"
"082082","JP-08","Ryuugasakishi","龍ケ崎市"
"082104","JP-08","Shimotsumashi","下妻市"
"082112","JP-08","Jousoushi","常総市"
"082121","JP-08","Hitachiootashi","常陸太田市"
"082147","JP-08","Takahagishi","高萩市"
"082155","JP-08","Kitaibarakishi","北茨城市"
"082163","JP-08","Kasamashi","笠間市"
"082171","JP-08","Torideshi","取手市"
"082198","JP-08","Ushikushi","牛久市"
"082201","JP-08","Tsukubashi","つくば市"
"082210","JP-08","Hitachinakashi","ひたちなか市"
"082228","JP-08","Kashimashi","鹿嶋市"
"082236","JP-08","Itakoshi","潮来市"
"082244","JP-08","Moriyashi","守谷市"
"082252","JP-08","Hitachioomiyashi","常陸大宮市"
"082261","JP-08","Nakashi","那珂市"
"082279","JP-08","Chikuseishi","筑西市"
"082287","JP-08","Bandoushi","坂東市"
"082295","JP-08","Inashikishi","稲敷市"
"082309","JP-08","Kasumigaurashi","かすみがうら市"
"082317","JP-08","Sakuragawashi","桜川市"
"082325","JP-08","Kamisushi","神栖市"
"082333","JP-08","Namegatashi","行方市"
"082341","JP-08","Hokotashi","鉾田市"
"082350","JP-08","Tsukubamiraishi","つくばみらい市"
"082368","JP-08","Omitamashi","小美玉市"
"083020","JP-08","Ibarakimachi","茨城町"
"083097","JP-08","Ooaraimachi","大洗町"
"083101","JP-08","Shirosatomachi","城里町"
"083411","JP-08","Toukaimura","東海村"
"083640","JP-08","Daigomachi","大子町"
"084425","JP-08","Mihomura","美浦村"
"084433","JP-08","Amimachi","阿見町"
"084476","JP-08","Kawachimachi","河内町"
"085219","JP-08","Yachiyomachi","八千代町"
"085421","JP-08","Gokamachi","五霞町"
"085464","JP-08","Sakaimachi","境町"
"085642","JP-08","Tonemachi","利根町"
"092011","JP-09","Utsunomiyashi","宇都宮市"
"092029","JP-09","Ashikagashi","足利市"
"092037","JP-09","Tochigishi","栃木市"
"092045","JP-09","Sanoshi","佐野市"
"092053","JP-09","Kanumashi","鹿沼市"
"092061","JP-09","Nikkoushi","日光市"
"092088","JP-09","Oyamashi","小山市"
"092096","JP-09","Mookashi","真岡市"
"092100","JP-09","Ootawarashi","大田原市"
"092118","JP-09","Yaitashi","矢板市"
"092134","JP-09","Nasushiobarashi","那須塩原市"
"092142","JP-09","Sakurashi","さくら市"
"092151","JP-09","Nasukarasuyamashi","那須烏山市"
"092169","JP-09","Shimotsukeshi","下野市"
"093017","JP-09","Kaminokawamachi","上三川町"
"093424","JP-09","Mashikomachi","益子町"
"093432","JP-09","Motegimachi","茂木町"
"093441","JP-09","Ichikaimachi","市貝町"
"093459","JP-09","Hagamachi","芳賀町"
"093611","JP-09","Mibumachi","壬生町"
"093645","JP-09","Nogimachi","野木町"
"093840","JP-09","Shioyamachi","塩谷町"
"093866","JP-09","Takanezawamachi","高根沢町"
"094072","JP-09","Nasumachi","那須町"
"094111","JP-09","Nakagawamachi","那珂川町"
"102016","JP-10","Maebashishi","前橋市"
"102024","JP-10","Takasakishi","高崎市"
"102032","JP-10","Kiryuushi","桐生市"
"102041","JP-10","Isesakishi","伊勢崎市"
"102059","JP-10","Ootashi","太田市"
"102067","JP-10","Numatashi","沼田市"
"102075","JP-10","Tatebayashishi","館林市"
"102083","JP-10","Shibukawashi","渋川市"
"102091","JP-10","Fujiokashi","藤岡市"
"102105","JP-10","Tomiokashi","富岡市"
"102113","JP-10","Annakashi","安中市"
"102121","JP-10","Midorishi","みどり市"
"103446","JP-10","Shintoumura","榛東村"
"103454","JP-10","Yoshiokamachi","吉岡町"
"103667","JP-10","Uenomura","上野村"
"103675","JP-10","Kannamachi","神流町"
"103829","JP-10","Shimonitamachi","下仁田町"
"103837","JP-10","Nanmokumura","南牧村"
"103845","JP-10","Kanramachi","甘楽町"
"104213","JP-10","Nakanojiyoumachi","中之条町"
"104248","JP-10","Naganoharamachi","長野原町"
"104256","JP-10","Tsumagoimura","嬬恋村"
"104264","JP-10","Kusatsumachi","草津町"
"104281","JP-10","Takayamamura","高山村"
"104299","JP-10","Higashiagatsumamachi","東吾妻町"
"104434","JP-10","Katashinamura","片品村"
"104442","JP-10","Kawabamura","川場村"
"104485","JP-10","Shouwamura","昭和村"
"104493","JP-10","Minakamimachi","みなかみ町"
"104647","JP-10","Tamamuramachi","玉村町"
"105210","JP-10","Itakuramachi","板倉町"
"105228","JP-10","Meiwamachi","明和町"
"105236","JP-10","Chiyodamachi","千代田町"
"105244","JP-10","Ooizumimachi","大泉町"
"105252","JP-10","Ouramachi","邑楽町"
"111007","JP-11","Saitamashi","さいたま市"
"112011","JP-11","Kawagoeshi","川越市"
"112020","JP-11","Kumagayashi","熊谷市"
"112038","JP-11","Kawaguchishi","川口市"
"112062","JP-11","Giyoudashi","行田市"
"112071","JP-11","Chichibushi","秩父市"
"112089","JP-11","Tokorozawashi","所沢市"
"112097","JP-11","Hannoushi","飯能市"
"112101","JP-11","Kazoshi","加須市"
"112119","JP-11","Honjiyoushi","本庄市"
"112127","JP-11","Higashimatsuyamashi","東松山市"
"112143","JP-11","Kasukabeshi","春日部市"
"112151","JP-11","Sayamashi","狭山市"
"112160","JP-11","Haniyuushi","羽生市"
"112178","JP-11","Kounosushi","鴻巣市"
"112186","JP-11","Fukayashi","深谷市"
"112194","JP-11","Ageoshi","上尾市"
"112216","JP-11","Soukashi","草加市"
"112224","JP-11","Koshigayashi","越谷市"
"112232","JP-11","Warabishi","蕨市"
"112241","JP-11","Todashi","戸田市"
"112259","JP-11","Irumashi","入間市"
"112275","JP-11","Asakashi","朝霞市"
"112283","JP-11","Shikishi","志木市"
"112291","JP-11","Wakoushi","和光市"
"112305","JP-11","Niizashi","新座市"
"112313","JP-11","Okegawashi","桶川市"
"112321","JP-11","Kukishi","久喜市"
"112330","JP-11","Kitamotoshi","北本市"
"112348","JP-11","Yashioshi","八潮市"
"112356","JP-11","Fujimishi","富士見市"
"112372","JP-11","Misatoshi","三郷市"
"112381","JP-11","Hasudashi","蓮田市"
"112399","JP-11","Sakadoshi","坂戸市"
"112402","JP-11","Satteshi","幸手市"
"112411","JP-11","Tsurugashimashi","鶴ヶ島市"
"112429","JP-11","Hidakashi","日高市"
"112437","JP-11","Yoshikawashi","吉川市"
"112453","JP-11","Fujiminoshi","ふじみ野市"
"112461","JP-11","Shiraokashi","白岡市"
"113018","JP-11","Inamachi","伊奈町"
"113247","JP-11","Miyoshimachi","三芳町"
"113263","JP-11","Moroyamamachi","毛呂山町"
"113271","JP-11","Ogosemachi","越生町"
"113417","JP-11","Namegawamachi","滑川町"
"113425","JP-11","Ranzanmachi","嵐山町"
"113433","JP-11","Ogawamachi","小川町"
"113468","JP-11","Kawajimamachi","川島町"
"113476","JP-11","Yoshimimachi","吉見町"
"113484","JP-11","Hatoyamamachi","鳩山町"
"113492","JP-11","Tokigawamachi","ときがわ町"
"113611","JP-11","Yokozemachi","横瀬町"
"113620","JP-11","Minanomachi","皆野町"
"113638","JP-11","Nagatoromachi","長瀞町"
"113654","JP-11","Oganomachi","小鹿野町"
"113697","JP-11","Higashichichibumura","東秩父村"
"113816","JP-11","Misatomachi","美里町"
"113832","JP-11","Kamikawamachi","神川町"
"113859","JP-11","Kamisatomachi","上里町"
"114081","JP-11","Yoriimachi","寄居町"
"114421","JP-11","Miyashiromachi","宮代町"
"114642","JP-11","Sugitomachi","杉戸町"
"114651","JP-11","Matsubushimachi","松伏町"
"121002","JP-12","Chibashi","千葉市"
"122025","JP-12","Choushishi","銚子市"
"122033","JP-12","Ichikawashi","市川市"
"122041","JP-12","Funabashishi","船橋市"
"122050","JP-12","Tateyamashi","館山市"
"122068","JP-12","Kisarazushi","木更津市"
"122076","JP-12","Matsudoshi","松戸市"
"122084","JP-12","Nodashi","野田市"
"122106","JP-12","Mobarashi","茂原市"
"122114","JP-12","Naritashi","成田市"
"122122","JP-12","Sakurashi","佐倉市"
"122131","JP-12","Touganeshi","東金市"
"122157","JP-12","Asahishi","旭市"
"122165","JP-12","Narashinoshi","習志野市"
"122173","JP-12","Kashiwashi","柏市"
"122181","JP-12","Katsuurashi","勝浦市"
"122190","JP-12","Ichiharashi","市原市"
"122203","JP-12","Nagareyamashi","流山市"
"122211","JP-12","Yachiyoshi","八千代市"
"122220","JP-12","Abikoshi","我孫子市"
"122238","JP-12","Kamogawashi","鴨川市"
"122246","JP-12","Kamagayashi","鎌ケ谷市"
"122254","JP-12","Kimitsushi","君津市"
"122262","JP-12","Futtsushi","富津市"
"122271","JP-12","Urayasushi","浦安市"
"122289","JP-12","Yotsukaidoushi","四街道市"
"122297","JP-12","Sodegaurashi","袖ケ浦市"
"122301","JP-12","Yachimatashi","八街市"
"122319","JP-12","Inzaishi","印西市"
"122327","JP-12","Shiroishi","白井市"
"122335","JP-12","Tomisatoshi","富里市"
"122343","JP-12","Minamibousoushi","南房総市"
"122351","JP-12","Sousashi","匝瑳市"
"122360","JP-12","Katorishi","香取市"
"122378","JP-12","Sanmushi","山武市"
"122386","JP-12","Isumishi","いすみ市"
"122394","JP-12","Ooamishirasatoshi","大網白里市"
"123226","JP-12","Shisuimachi","酒々井町"
"123293","JP-12","Sakaemachi","栄町"
"123421","JP-12","Kouzakimachi","神崎町"
"123471","JP-12","Takomachi","多古町"
"123498","JP-12","Tounoshoumachi","東庄町"
"124036","JP-12","Kujiyuukurimachi","九十九里町"
"124095","JP-12","Shibayamamachi","芝山町"
"124109","JP-12","Yokoshibahikarimachi","横芝光町"
"124214","JP-12","Ichinomiyamachi","一宮町"
"124222","JP-12","Mutsuzawamachi","睦沢町"
"124231","JP-12","Chouseimura","長生村"
"124249","JP-12","Shirakomachi","白子町"
"124265","JP-12","Nagaramachi","長柄町"
"124273","JP-12","Chounanmachi","長南町"
"124419","JP-12","Ootakimachi","大多喜町"
"124435","JP-12","Onjiyukumachi","御宿町"
"124630","JP-12","Kiyonanmachi","鋸南町"
"131016","JP-13","Chiyodaku","千代田区"
"131024","JP-13","Chuuouku","中央区"
"131032","JP-13","Minatoku","港区"
"131041","JP-13","Shinjukuku","新宿区"
"131059","JP-13","Bunkyouku","文京区"
"131067","JP-13","Taitouku","台東区"
"131075","JP-13","Sumidaku","墨田区"
"131083","JP-13","Koutouku","江東区"
"131091","JP-13","Shinagawaku","品川区"
"131105","JP-13","Meguroku","目黒区"
"131113","JP-13","Ootaku","大田区"
"131121","JP-13","Setagayaku","世田谷区"
"131130","JP-13","Shibuyaku","渋谷区"
"131148","JP-13","Nakanoku","中野区"
"131156","JP-13","Suginamiku","杉並区"
"131164","JP-13","Toshimaku","豊島区"
"131172","JP-13","Kitaku","北区"
"131181","JP-13","Arakawaku","荒川区"
"131199","JP-13","Itabashiku","板橋区"
"131202","JP-13","Nerimaku","練馬区"
"131211","JP-13","Adachiku","足立区"
"131229","JP-13","Katsushikaku","葛飾区"
"131237","JP-13","Edogawaku","江戸川区"
"132012","JP-13","Hachioujishi","八王子市"
"132021","JP-13","Tachikawashi","立川市"
"132039","JP-13","Musashinoshi","武蔵野市"
"132047","JP-13","Mitakashi","三鷹市"
"132055","JP-13","Oumeshi","青梅市"
"132063","JP-13","Fuchuushi","府中市"
"132071","JP-13","Akishimashi","昭島市"
"132080","JP-13","Choufushi","調布市"
"132098","JP-13","Machidashi","町田市"
"132101","JP-13","Koganeishi","小金井市"
"132110","JP-13","Kodairashi","小平市"
"132128","JP-13","Hinoshi","日野市"
"132136","JP-13","Higashimurayamashi","東村山市"
"132144","JP-13","Kokubunjishi","国分寺市"
"132152","JP-13","Kunitachishi","国立市"
"132187","JP-13","Fussashi","福生市"
"132195","JP-13","Komaeshi","狛江市"
"132209","JP-13","Higashiyamatoshi","東大和市"
"132217","JP-13","Kiyoseshi","清瀬市"
"132225","JP-13","Higashikurumeshi","東久留米市"
"132233","JP-13","Musashimurayamashi","武蔵村山市"
"132241","JP-13","Tamashi","多摩市"
"132250","JP-13","Inagishi","稲城市"
"132276","JP-13","Hamurashi","羽村市"
"132284","JP-13","Akirunoshi","あきる野市"
"132292","JP-13","Nishitoukyoushi","西東京市"
"133035","JP-13","Mizuhomachi","瑞穂町"
"133051","JP-13","Hinodemachi","日の出町"
"133078","JP-13","Hinoharamura","檜原村"
"133086","JP-13","Okutamamachi","奥多摩町"
"133612","JP-13","Ooshimamachi","大島町"
"133621","JP-13","Toshimamura","利島村"
"133639","JP-13","Niijimamura","新島村"
"133647","JP-13","Kouzushimamura","神津島村"
"133817","JP-13","Miyakemura","三宅村"
"133825","JP-13","Mikurajimamura","御蔵島村"
"134015","JP-13","Hachijoumachi","八丈町"
"134023","JP-13","Aogashimamura","青ヶ島村"
"134210","JP-13","Ogasawaramura","小笠原村"
"141003","JP-14","Yokohamashi","横浜市"
"141305","JP-14","Kawasakishi","川崎市"
"141500","JP-14","Sagamiharashi","相模原市"
"142018","JP-14","Yokosukashi","横須賀市"
"142034","JP-14","Hiratsukashi","平塚市"
"142042","JP-14","Kamakurashi","鎌倉市"
"142051","JP-14","Fujisawashi","藤沢市"
"142069","JP-14","Odawarashi","小田原市"
"142077","JP-14","Chigasakishi","茅ヶ崎市"
"142085","JP-14","Zushishi","逗子市"
"142107","JP-14","Miurashi","三浦市"
"142115","JP-14","Hadanoshi","秦野市"
"142123","JP-14","Atsugishi","厚木市"
"142131","JP-14","Yamatoshi","大和市"
"142140","JP-14","Iseharashi","伊勢原市"
"142158","JP-14","Ebinashi","海老名市"
"142166","JP-14","Zamashi","座間市"
"142174","JP-14","Minamiashigarashi","南足柄市"
"142182","JP-14","Ayaseshi","綾瀬市"
"143014","JP-14","Hayamamachi","葉山町"
"143219","JP-14","Samukawamachi","寒川町"
"143413","JP-14","Ooisomachi","大磯町"
"143421","JP-14","Ninomiyamachi","二宮町"
"143618","JP-14","Nakaimachi","中井町"
"143626","JP-14","Ooimachi","大井町"
"143634","JP-14","Matsudamachi","松田町"
"143642","JP-14","Yamakitamachi","山北町"
"143669","JP-14","Kaiseimachi","開成町"
"143821","JP-14","Hakonemachi","箱根町"
"143839","JP-14","Manatsurumachi","真鶴町"
"143847","JP-14","Yugawaramachi","湯河原町"
"144011","JP-14","Aikawamachi","愛川町"
"144029","JP-14","Kiyokawamura","清川村"
"151009","JP-15","Niigatashi","新潟市"
"152021","JP-15","Nagaokashi","長岡市"
"152048","JP-15","Sanjoushi","三条市"
"152056","JP-15","Kashiwazakishi","柏崎市"
"152064","JP-15","Shibatashi","新発田市"
"152081","JP-15","Ojiyashi","小千谷市"
"152099","JP-15","Kamoshi","加茂市"
"152102","JP-15","Tookamachishi","十日町市"
"152111","JP-15","Mitsukeshi","見附市"
"152129","JP-15","Murakamishi","村上市"
"152137","JP-15","Tsubameshi","燕市"
"152161","JP-15","Itoigawashi","糸魚川市"
"152170","JP-15","Myoukoushi","妙高市"
"152188","JP-15","Gosenshi","五泉市"
"152226","JP-15","Jouetsushi","上越市"
"152234","JP-15","Aganoshi","阿賀野市"
"152242","JP-15","Sadoshi","佐渡市"
"152251","JP-15","Uonumashi","魚沼市"
"152269","JP-15","Minamiuonumashi","南魚沼市"
"152277","JP-15","Tainaishi","胎内市"
"153079","JP-15","Seiroumachi","聖籠町"
"153427","JP-15","Yahikomura","弥彦村"
"153613","JP-15","Tagamimachi","田上町"
"153851","JP-15","Agamachi","阿賀町"
"154059","JP-15","Izumozakimachi","出雲崎町"
"154610","JP-15","Yuzawamachi","湯沢町"
"154822","JP-15","Tsunanmachi","津南町"
"155047","JP-15","Kariwamura","刈羽村"
"155811","JP-15","Sekikawamura","関川村"
"155861","JP-15","Awashimauramura","粟島浦村"
"162019","JP-16","Toyamashi","富山市"
"162027","JP-16","Takaokashi","高岡市"
"162043","JP-16","Uozushi","魚津市"
"162051","JP-16","Himishi","氷見市"
"162060","JP-16","Namerikawashi","滑川市"
"162078","JP-16","Kurobeshi","黒部市"
"162086","JP-16","Tonamishi","砺波市"
"162094","JP-16","Oyabeshi","小矢部市"
"162108","JP-16","Nantoshi","南砺市"
"162116","JP-16","Imizushi","射水市"
"163210","JP-16","Funahashimura","舟橋村"
"163228","JP-16","Kamiichimachi","上市町"
"163236","JP-16","Tateyamamachi","立山町"
"163422","JP-16","Nyuuzenmachi","入善町"
"163431","JP-16","Asahimachi","朝日町"
"172014","JP-17","Kanazawashi","金沢市"
"172022","JP-17","Nanaoshi","七尾市"
"172031","JP-17","Komatsushi","小松市"
"172049","JP-17","Wajimashi","輪島市"
"172057","JP-17","Suzushi","珠洲市"
"172065","JP-17","Kagashi","加賀市"
"172073","JP-17","Hakuishi","羽咋市"
"172090","JP-17","Kahokushi","かほく市"
"172103","JP-17","Hakusanshi","白山市"
"172111","JP-17","Nomishi","能美市"
"172120","JP-17","Nonoichishi","野々市市"
"173240","JP-17","Kawakitamachi","川北町"
"173614","JP-17","Tsubatamachi","津幡町"
"173657","JP-17","Uchinadamachi","内灘町"
"173843","JP-17","Shikamachi","志賀町"
"173860","JP-17","Houdatsushimizuchou","宝達志水町"
"174076","JP-17","Nakanotomachi","中能登町"
"174611","JP-17","Anamizumachi","穴水町"
"174637","JP-17","Notochou","能登町"
"182010","JP-18","Fukuishi","福井市"
"182028","JP-18","Tsurugashi","敦賀市"
"182044","JP-18","Obamashi","小浜市"
"182052","JP-18","Oonoshi","大野市"
"182061","JP-18","Katsuyamashi","勝山市"
"182079","JP-18","Sabaeshi","鯖江市"
"182087","JP-18","Awarashi","あわら市"
"182095","JP-18","Echizenshi","越前市"
"182109","JP-18","Sakaishi","坂井市"
"183229","JP-18","Eiheijichou","永平寺町"
"183822","JP-18","Ikedachou","池田町"
"184047","JP-18","Minamiechizenchou","南越前町"
"184233","JP-18","Echizenchou","越前町"
"184420","JP-18","Mihamachou","美浜町"
"184811","JP-18","Takahamachou","高浜町"
"184837","JP-18","Ooichou","おおい町"
"185019","JP-18","Wakasachou","若狭町"
"192015","JP-19","Koufushi","甲府市"
"192023","JP-19","Fujiyoshidashi","富士吉田市"
"192040","JP-19","Tsurushi","都留市"
"192058","JP-19","Yamanashishi","山梨市"
"192066","JP-19","Ootsukishi","大月市"
"192074","JP-19","Nirasakishi","韮崎市"
"192082","JP-19","Minamiarupusushi","南アルプス市"
"192091","JP-19","Hokutoshi","北杜市"
"192104","JP-19","Kaishi","甲斐市"
"192112","JP-19","Fuefukishi","笛吹市"
"192121","JP-19","Uenoharashi","上野原市"
"192139","JP-19","Koushuushi","甲州市"
"192147","JP-19","Chuuoushi","中央市"
"193461","JP-19","Ichikawamisatochou","市川三郷町"
"193640","JP-19","Hayakawachou","早川町"
"193658","JP-19","Minobuchou","身延町"
"193666","JP-19","Nanbuchou","南部町"
"193682","JP-19","Fujikawachou","富士川町"
"193844","JP-19","Shouwachou","昭和町"
"194221","JP-19","Doushimura","道志村"
"194239","JP-19","Nishikatsurachou","西桂町"
"194247","JP-19","Oshinomura","忍野村"
"194255","JP-19","Yamanakakomura","山中湖村"
"194298","JP-19","Narusawamura","鳴沢村"
"194301","JP-19","Fujikawaguchikomachi","富士河口湖町"
"194425","JP-19","Kosugemura","小菅村"
"194433","JP-19","Tabayamamura","丹波山村"
"202011","JP-20","Naganoshi","長野市"
"202029","JP-20","Matsumotoshi","松本市"
"202037","JP-20","Uedashi","上田市"
"202045","JP-20","Okayashi","岡谷市"
"202053","JP-20","Iidashi","飯田市"
"202061","JP-20","Suwashi","諏訪市"
"202070","JP-20","Suzakashi","須坂市"
"202088","JP-20","Komoroshi","小諸市"
"202096","JP-20","Inashi","伊那市"
"202100","JP-20","Komaganeshi","駒ヶ根市"
"202118","JP-20","Nakanoshi","中野市"
"202126","JP-20","Oomachishi","大町市"
"202134","JP-20","Iiyamashi","飯山市"
"202142","JP-20","Chinoshi","茅野市"
"202151","JP-20","Shiojirishi","塩尻市"
"202177","JP-20","Sakushi","佐久市"
"202185","JP-20","Chikumashi","千曲市"
"202193","JP-20","Toumishi","東御市"
"202207","JP-20","Azuminoshi","安曇野市"
"203033","JP-20","Koumimachi","小海町"
"203041","JP-20","Kawakamimura","川上村"
"203050","JP-20","Minamimakimura","南牧村"
"203068","JP-20","Minamiaikimura","南相木村"
"203076","JP-20","Kitaaikimura","北相木村"
"203092","JP-20","Sakuhomachi","佐久穂町"
"203211","JP-20","Karuizawamachi","軽井沢町"
"203238","JP-20","Miyotamachi","御代田町"
"203246","JP-20","Tateshinamachi","立科町"
"203491","JP-20","Aokimura","青木村"
"203505","JP-20","Nagawamachi","長和町"
"203611","JP-20","Shimosuwamachi","下諏訪町"
"203629","JP-20","Fujimimachi","富士見町"
"203637","JP-20","Haramura","原村"
"203823","JP-20","Tatsunomachi","辰野町"
"203831","JP-20","Minowamachi","箕輪町"
"203840","JP-20","Iijimamachi","飯島町"
"203858","JP-20","Minamiminowamura","南箕輪村"
"203866","JP-20","Nakagawamura","中川村"
"203882","JP-20","Miyadamura","宮田村"
"204021","JP-20","Matsukawamachi","松川町"
"204030","JP-20","Takamorimachi","高森町"
"204048","JP-20","Ananchou","阿南町"
"204072","JP-20","Achimura","阿智村"
"204099","JP-20","Hirayamura","平谷村"
"204102","JP-20","Nebamura","根羽村"
"204111","JP-20","Shimojoumura","下條村"
"204129","JP-20","Urugimura","売木村"
"204137","JP-20","Tenryuumura","天龍村"
"204145","JP-20","Yasuokamura","泰阜村"
"204153","JP-20","Takagimura","喬木村"
"204161","JP-20","Toyookamura","豊丘村"
"204170","JP-20","Ooshikamura","大鹿村"
"204226","JP-20","Agematsumachi","上松町"
"204234","JP-20","Nagisomachi","南木曽町"
"204251","JP-20","Kisomura","木祖村"
"204293","JP-20","Outakimura","王滝村"
"204307","JP-20","Ookuwamura","大桑村"
"204323","JP-20","Kisomachi","木曽町"
"204463","JP-20","Omimura","麻績村"
"204480","JP-20","Ikusakamura","生坂村"
"204501","JP-20","Yamagatamura","山形村"
"204510","JP-20","Asahimura","朝日村"
"204528","JP-20","Chikuhokumura","筑北村"
"204811","JP-20","Ikedamachi","池田町"
"204820","JP-20","Matsukawamura","松川村"
"204854","JP-20","Hakubamura","白馬村"
"204862","JP-20","Otarimura","小谷村"
"205214","JP-20","Sakakimachi","坂城町"
"205419","JP-20","Obusemachi","小布施町"
"205435","JP-20","Takayamamura","高山村"
"205613","JP-20","Yamanouchimachi","山ノ内町"
"205621","JP-20","Kijimadairamura","木島平村"
"205630","JP-20","Nozawaonsenmura","野沢温泉村"
"205834","JP-20","Shinanomachi","信濃町"
"205885","JP-20","Ogawamura","小川村"
"205907","JP-20","Iizunamachi","飯綱町"
"206024","JP-20","Sakaemura","栄村"
"212016","JP-21","Gifushi","岐阜市"
"212024","JP-21","Oogakishi","大垣市"
"212032","JP-21","Takayamashi","高山市"
"212041","JP-21","Tajimishi","多治見市"
"212059","JP-21","Sekishi","関市"
"212067","JP-21","Nakatsugawashi","中津川市"
"212075","JP-21","Minoshi","美濃市"
"212083","JP-21","Mizunamishi","瑞浪市"
"212091","JP-21","Hashimashi","羽島市"
"212105","JP-21","Enashi","恵那市"
"212113","JP-21","Minokamoshi","美濃加茂市"
"212121","JP-21","Tokishi","土岐市"
"212130","JP-21","Kakamigaharashi","各務原市"
"212148","JP-21","Kanishi","可児市"
"212156","JP-21","Yamagatashi","山県市"
"212164","JP-21","Mizuhoshi","瑞穂市"
"212172","JP-21","Hidashi","飛騨市"
"212181","JP-21","Motosushi","本巣市"
"212199","JP-21","Gujoushi","郡上市"
"212202","JP-21","Geroshi","下呂市"
"212211","JP-21","Kaizushi","海津市"
"213021","JP-21","Ginanchou","岐南町"
"213039","JP-21","Kasamatsuchou","笠松町"
"213411","JP-21","Yourouchou","養老町"
"213616","JP-21","Taruichou","垂井町"
"213624","JP-21","Sekigaharachou","関ケ原町"
"213811","JP-21","Goudochou","神戸町"
"213829","JP-21","Wanouchichou","輪之内町"
"213837","JP-21","Anpachichou","安八町"
"214019","JP-21","Ibigawachou","揖斐川町"
"214035","JP-21","Oonochou","大野町"
"214043","JP-21","Ikedachou","池田町"
"214213","JP-21","Kitagatachou","北方町"
"215015","JP-21","Sakahogichou","坂祝町"
"215023","JP-21","Tomikachou","富加町"
"215031","JP-21","Kawabechou","川辺町"
"215040","JP-21","Hichisouchou","七宗町"
"215058","JP-21","Yaotsuchou","八百津町"
"215066","JP-21","Shirakawachou","白川町"
"215074","JP-21","Higashishirakawamura","東白川村"
"215210","JP-21","Mitakechou","御嵩町"
"216046","JP-21","Shirakawamura","白川村"
"221007","JP-22","Shizuokashi","静岡市"
"221309","JP-22","Hamamatsushi","浜松市"
"222038","JP-22","Numazushi","沼津市"
"222054","JP-22","Atamishi","熱海市"
"222062","JP-22","Mishimashi","三島市"
"222071","JP-22","Fujinomiyashi","富士宮市"
"222089","JP-22","Itoushi","伊東市"
"222097","JP-22","Shimadashi","島田市"
"222101","JP-22","Fujishi","富士市"
"222119","JP-22","Iwatashi","磐田市"
"222127","JP-22","Yaizushi","焼津市"
"222135","JP-22","Kakegawashi","掛川市"
"222143","JP-22","Fujiedashi","藤枝市"
"222151","JP-22","Gotenbashi","御殿場市"
"222160","JP-22","Fukuroishi","袋井市"
"222194","JP-22","Shimodashi","下田市"
"222208","JP-22","Susonoshi","裾野市"
"222216","JP-22","Kosaishi","湖西市"
"222224","JP-22","Izushi","伊豆市"
"222232","JP-22","Omaezakishi","御前崎市"
"222241","JP-22","Kikugawashi","菊川市"
"222259","JP-22","Izunokunishi","伊豆の国市"
"222267","JP-22","Makinoharashi","牧之原市"
"223018","JP-22","Higashiizuchou","東伊豆町"
"223026","JP-22","Kawazuchou","河津町"
"223042","JP-22","Minamiizuchou","南伊豆町"
"223051","JP-22","Matsuzakichou","松崎町"
"223069","JP-22","Nishiizuchou","西伊豆町"
"223255","JP-22","Kannamichou","函南町"
"223417","JP-22","Shimizuchou","清水町"
"223425","JP-22","Nagaizumichou","長泉町"
"223441","JP-22","Oyamachou","小山町"
"224243","JP-22","Yoshidachou","吉田町"
"224294","JP-22","Kawanehonchou","川根本町"
"224618","JP-22","Morimachi","森町"
"231002","JP-23","Nagoyashi","名古屋市"
"232017","JP-23","Toyohashishi","豊橋市"
"232025","JP-23","Okazakishi","岡崎市"
"232033","JP-23","Ichinomiyashi","一宮市"
"232041","JP-23","Setoshi","瀬戸市"
"232050","JP-23","Handashi","半田市"
"232068","JP-23","Kasugaishi","春日井市"
"232076","JP-23","Toyokawashi","豊川市"
"232084","JP-23","Tsushimashi","津島市"
"232092","JP-23","Hekinanshi","碧南市"
"232106","JP-23","Kariyashi","刈谷市"
"232114","JP-23","Toyotashi","豊田市"
"232122","JP-23","Anjoushi","安城市"
"232131","JP-23","Nishioshi","西尾市"
"232149","JP-23","Gamagoorishi","蒲郡市"
"232157","JP-23","Inuyamashi","犬山市"
"232165","JP-23","Tokonameshi","常滑市"
"232173","JP-23","Kounanshi","江南市"
"232190","JP-23","Komakishi","小牧市"
"232203","JP-23","Inazawashi","稲沢市"
"232211","JP-23","Shinshiroshi","新城市"
"232220","JP-23","Toukaishi","東海市"
"232238","JP-23","Oobushi","大府市"
"232246","JP-23","Chitashi","知多市"
"232254","JP-23","Chiryuushi","知立市"
"232262","JP-23","Owariasahishi","尾張旭市"
"232271","JP-23","Takahamashi","高浜市"
"232289","JP-23","Iwakurashi","岩倉市"
"232297","JP-23","Toyoakeshi","豊明市"
"232301","JP-23","Nisshinshi","日進市"
"232319","JP-23","Taharashi","田原市"
"232327","JP-23","Aisaishi","愛西市"
"232335","JP-23","Kiyosushi","清須市"
"232343","JP-23","Kitanagoyashi","北名古屋市"
"232351","JP-23","Yatomishi","弥富市"
"232360","JP-23","Miyoshishi","みよし市"
"232378","JP-23","Amashi","あま市"
"232386","JP-23","Nagakuteshi","長久手市"
"233021","JP-23","Tougouchou","東郷町"
"233421","JP-23","Toyoyamachou","豊山町"
"233617","JP-23","Ooguchichou","大口町"
"233625","JP-23","Fusouchou","扶桑町"
"234249","JP-23","Ooharuchou","大治町"
"234257","JP-23","Kaniechou","蟹江町"
"234273","JP-23","Tobishimamura","飛島村"
"234419","JP-23","Aguichou","阿久比町"
"234427","JP-23","Higashiurachou","東浦町"
"234451","JP-23","Minamichitachou","南知多町"
"234460","JP-23","Mihamachou","美浜町"
"234478","JP-23","Taketoyochou","武豊町"
"235016","JP-23","Koutachou","幸田町"
"235610","JP-23","Shitarachou","設楽町"
"235628","JP-23","Toueichou","東栄町"
"235636","JP-23","Toyonemura","豊根村"
"242012","JP-24","Tsushi","津市"
"242021","JP-24","Yokkaichishi","四日市市"
"242039","JP-24","Iseshi","伊勢市"
"242047","JP-24","Matsusakashi","松阪市"
"242055","JP-24","Kuwanashi","桑名市"
"242071","JP-24","Suzukashi","鈴鹿市"
"242080","JP-24","Nabarishi","名張市"
"242098","JP-24","Owaseshi","尾鷲市"
"242101","JP-24","Kameyamashi","亀山市"
"242110","JP-24","Tobashi","鳥羽市"
"242128","JP-24","Kumanoshi","熊野市"
"242144","JP-24","Inabeshi","いなべ市"
"242152","JP-24","Shimashi","志摩市"
"242161","JP-24","Igashi","伊賀市"
"243035","JP-24","Kisosakichou","木曽岬町"
"243248","JP-24","Touinchou","東員町"
"243418","JP-24","Komonochou","菰野町"
"243434","JP-24","Asahichou","朝日町"
"243442","JP-24","Kawagoechou","川越町"
"244414","JP-24","Takichou","多気町"
"244422","JP-24","Meiwachou","明和町"
"244431","JP-24","Oodaichou","大台町"
"244619","JP-24","Tamakichou","玉城町"
"244708","JP-24","Wataraichou","度会町"
"244716","JP-24","Taikichou","大紀町"
"244724","JP-24","Minamiisechou","南伊勢町"
"245437","JP-24","Kihokuchou","紀北町"
"245615","JP-24","Mihamachou","御浜町"
"245623","JP-24","Kihouchou","紀宝町"
"252018","JP-25","Ootsushi","大津市"
"252026","JP-25","Hikoneshi","彦根市"
"252034","JP-25","Nagahamashi","長浜市"
"252042","JP-25","Oumihachimanshi","近江八幡市"
"252069","JP-25","Kusatsushi","草津市"
"252077","JP-25","Moriyamashi","守山市"
"252085","JP-25","Rittoushi","栗東市"
"252093","JP-25","Koukashi","甲賀市"
"252107","JP-25","Yasushi","野洲市"
"252115","JP-25","Konanshi","湖南市"
"252123","JP-25","Takashimashi","高島市"
"252131","JP-25","Higashioumishi","東近江市"
"252140","JP-25","Maibarashi","米原市"
"253839","JP-25","Hinochou","日野町"
"253847","JP-25","Riyuuouchou","竜王町"
"254258","JP-25","Aishouchou","愛荘町"
"254410","JP-25","Toyosatochou","豊郷町"
"254428","JP-25","Kourachou","甲良町"
"254436","JP-25","Tagachou","多賀町"
"261009","JP-26","Kyoutoshi","京都市"
"262013","JP-26","Fukuchiyamashi","福知山市"
"262021","JP-26","Maizurushi","舞鶴市"
"262030","JP-26","Ayabeshi","綾部市"
"262048","JP-26","Ujishi","宇治市"
"262056","JP-26","Miyazushi","宮津市"
"262064","JP-26","Kameokashi","亀岡市"
"262072","JP-26","Jouyoushi","城陽市"
"262081","JP-26","Mukoushi","向日市"
"262099","JP-26","Nagaokakyoushi","長岡京市"
"262102","JP-26","Yawatashi","八幡市"
"262111","JP-26","Kyoutanabeshi","京田辺市"
"262129","JP-26","Kyoutangoshi","京丹後市"
"262137","JP-26","Nantanshi","南丹市"
"262145","JP-26","Kizugawashi","木津川市"
"263036","JP-26","Ooyamazakichou","大山崎町"
"263222","JP-26","Kumiyamachou","久御山町"
"263435","JP-26","Idechou","井手町"
"263443","JP-26","Ujitawarachou","宇治田原町"
"263648","JP-26","Kasagichou","笠置町"
"263656","JP-26","Wazukachou","和束町"
"263664","JP-26","Seikachou","精華町"
"263672","JP-26","Minamiyamashiromura","南山城村"
"264075","JP-26","Kyoutanbachou","京丹波町"
"264636","JP-26","Inechou","伊根町"
"264652","JP-26","Yosanochou","与謝野町"
"271004","JP-27","Oosakashi","大阪市"
"271403","JP-27","Sakaishi","堺市"
"272027","JP-27","Kishiwadashi","岸和田市"
"272035","JP-27","Toyonakashi","豊中市"
"272043","JP-27","Ikedashi","池田市"
"272051","JP-27","Suitashi","吹田市"
"272060","JP-27","Izumiootsushi","泉大津市"
"272078","JP-27","Takatsukishi","高槻市"
"272086","JP-27","Kaizukashi","貝塚市"
"272094","JP-27","Moriguchishi","守口市"
"272108","JP-27","Hirakatashi","枚方市"
"272116","JP-27","Ibarakishi","茨木市"
"272124","JP-27","Yaoshi","八尾市"
"272132","JP-27","Izumisanoshi","泉佐野市"
"272141","JP-27","Tondabayashishi","富田林市"
"272159","JP-27","Neyagawashi","寝屋川市"
"272167","JP-27","Kawachinaganoshi","河内長野市"
"272175","JP-27","Matsubarashi","松原市"
"272183","JP-27","Daitoushi","大東市"
"272191","JP-27","Izumishi","和泉市"
"272205","JP-27","Minooshi","箕面市"
"272213","JP-27","Kashiwarashi","柏原市"
"272221","JP-27","Habikinoshi","羽曳野市"
"272230","JP-27","Kadomashi","門真市"
"272248","JP-27","Settsushi","摂津市"
"272256","JP-27","Takaishishi","高石市"
"272264","JP-27","Fujiiderashi","藤井寺市"
"272272","JP-27","Higashioosakashi","東大阪市"
"272281","JP-27","Sennanshi","泉南市"
"272299","JP-27","Shijiyounawateshi","四條畷市"
"272302","JP-27","Katanoshi","交野市"
"272311","JP-27","Oosakasayamashi","大阪狭山市"
"272329","JP-27","Hannanshi","阪南市"
"273015","JP-27","Shimamotochou","島本町"
"273210","JP-27","Toyonochou","豊能町"
"273228","JP-27","Nosechou","能勢町"
"273414","JP-27","Tadaokachou","忠岡町"
"273619","JP-27","Kumatorichou","熊取町"
"273627","JP-27","Tajirichou","田尻町"
"273660","JP-27","Misakichou","岬町"
"273813","JP-27","Taishichou","太子町"
"273821","JP-27","Kananchou","河南町"
"273830","JP-27","Chihayaakasakamura","千早赤阪村"
"281000","JP-28","Koubeshi","神戸市"
"282014","JP-28","Himejishi","姫路市"
"282022","JP-28","Amagasakishi","尼崎市"
"282031","JP-28","Akashishi","明石市"
"282049","JP-28","Nishinomiyashi","西宮市"
"282057","JP-28","Sumotoshi","洲本市"
"282065","JP-28","Ashiyashi","芦屋市"
"282073","JP-28","Itamishi","伊丹市"
"282081","JP-28","Aioishi","相生市"
"282090","JP-28","Toyookashi","豊岡市"
"282103","JP-28","Kakogawashi","加古川市"
"282120","JP-28","Akoushi","赤穂市"
"282138","JP-28","Nishiwakishi","西脇市"
"282146","JP-28","Takarazukashi","宝塚市"
"282154","JP-28","Mikishi","三木市"
"282162","JP-28","Takasagoshi","高砂市"
"282171","JP-28","Kawanishishi","川西市"
"282189","JP-28","Onoshi","小野市"
"282197","JP-28","Sandashi","三田市"
"282201","JP-28","Kasaishi","加西市"
"282219","JP-28","Tanbasasayamashi","丹波篠山市"
"282227","JP-28","Yabushi","養父市"
"282235","JP-28","Tanbashi","丹波市"
"282243","JP-28","Minamiawajishi","南あわじ市"
"282251","JP-28","Asagoshi","朝来市"
"282260","JP-28","Awajishi","淡路市"
"282278","JP-28","Shisoushi","宍粟市"
"282286","JP-28","Katoushi","加東市"
"282294","JP-28","Tatsunoshi","たつの市"
"283011","JP-28","Inagawachou","猪名川町"
"283657","JP-28","Takachou","多可町"
"283819","JP-28","Inamichou","稲美町"
"283827","JP-28","Harimachou","播磨町"
"284424","JP-28","Ichikawachou","市川町"
"284432","JP-28","Fukusakichou","福崎町"
"284467","JP-28","Kamikawachou","神河町"
"284645","JP-28","Taishichou","太子町"
"284815","JP-28","Kamigoorichou","上郡町"
"285013","JP-28","Sayouchou","佐用町"
"285854","JP-28","Kamichou","香美町"
"285862","JP-28","Shin'onsenchou","新温泉町"
"292010","JP-29","Narashi","奈良市"
"292028","JP-29","Yamatotakadashi","大和高田市"
"292036","JP-29","Yamatokooriyamashi","大和郡山市"
"292044","JP-29","Tenrishi","天理市"
"292052","JP-29","Kashiharashi","橿原市"
"292061","JP-29","Sakuraishi","桜井市"
"292079","JP-29","Gojoushi","五條市"
"292087","JP-29","Goseshi","御所市"
"292095","JP-29","Ikomashi","生駒市"
"292109","JP-29","Kashibashi","香芝市"
"292117","JP-29","Katsuragishi","葛城市"
"292125","JP-29","Udashi","宇陀市"
"293229","JP-29","Yamazoemura","山添村"
"293423","JP-29","Hegurichou","平群町"
"293431","JP-29","Sangouchou","三郷町"
"293440","JP-29","Ikarugachou","斑鳩町"
"293458","JP-29","Andochou","安堵町"
"293610","JP-29","Kawanishichou","川西町"
"293628","JP-29","Miyakechou","三宅町"
"293636","JP-29","Tawaramotochou","田原本町"
"293857","JP-29","Sonimura","曽爾村"
"293865","JP-29","Mitsuemura","御杖村"
"294012","JP-29","Takatorichou","高取町"
"294021","JP-29","Asukamura","明日香村"
"294241","JP-29","Kanmakichou","上牧町"
"294250","JP-29","Oujichou","王寺町"
"294268","JP-29","Kouriyouchou","広陵町"
"294276","JP-29","Kawaichou","河合町"
"294411","JP-29","Yoshinochou","吉野町"
"294420","JP-29","Ooyodochou","大淀町"
"294438","JP-29","Shimoichichou","下市町"
"294446","JP-29","Kurotakimura","黒滝村"
"294462","JP-29","Tenkawamura","天川村"
"294471","JP-29","Nosegawamura","野迫川村"
"294497","JP-29","Totsukawamura","十津川村"
"294501","JP-29","Shimokitayamamura","下北山村"
"294519","JP-29","Kamikitayamamura","上北山村"
"294527","JP-29","Kawakamimura","川上村"
"294535","JP-29","Higashiyoshinomura","東吉野村"
"302015","JP-30","Wakayamashi","和歌山市"
"302023","JP-30","Kainanshi","海南市"
"302031","JP-30","Hashimotoshi","橋本市"
"302040","JP-30","Aridashi","有田市"
"302058","JP-30","Goboushi","御坊市"
"302066","JP-30","Tanabeshi","田辺市"
"302074","JP-30","Shinguushi","新宮市"
"302082","JP-30","Kinokawashi","紀の川市"
"302091","JP-30","Iwadeshi","岩出市"
"303046","JP-30","Kiminochou","紀美野町"
"303411","JP-30","Katsuragichou","かつらぎ町"
"303437","JP-30","Kudoyamachou","九度山町"
"303445","JP-30","Kouyachou","高野町"
"303615","JP-30","Yuasachou","湯浅町"
"303623","JP-30","Hirogawachou","広川町"
"303666","JP-30","Aridagawachou","有田川町"
"303810","JP-30","Mihamachou","美浜町"
"303828","JP-30","Hidakachou","日高町"
"303836","JP-30","Yurachou","由良町"
"303909","JP-30","Inamichou","印南町"
"303917","JP-30","Minabechou","みなべ町"
"303925","JP-30","Hidakagawachou","日高川町"
"304018","JP-30","Shirahamachou","白浜町"
"304042","JP-30","Kamitondachou","上富田町"
"304069","JP-30","Susamichou","すさみ町"
"304212","JP-30","Nachikatsuurachou","那智勝浦町"
"304221","JP-30","Taijichou","太地町"
"304247","JP-30","Kozagawachou","古座川町"
"304271","JP-30","Kitayamamura","北山村"
"304280","JP-30","Kushimotochou","串本町"
"312011","JP-31","Tottorishi","鳥取市"
"312029","JP-31","Yonagoshi","米子市"
"312037","JP-31","Kurayoshishi","倉吉市"
"312045","JP-31","Sakaiminatoshi","境港市"
"313025","JP-31","Iwamichou","岩美町"
"313254","JP-31","Wakasachou","若桜町"
"313289","JP-31","Chizuchou","智頭町"
"313297","JP-31","Yazuchou","八頭町"
"313645","JP-31","Misasachou","三朝町"
"313700","JP-31","Yurihamachou","湯梨浜町"
"313718","JP-31","Kotourachou","琴浦町"
"313726","JP-31","Hokueichou","北栄町"
"313840","JP-31","Hiezuson","日吉津村"
"313866","JP-31","Daisenchou","大山町"
"313891","JP-31","Nanbuchou","南部町"
"313904","JP-31","Houkichou","伯耆町"
"314013","JP-31","Nichinanchou","日南町"
"314021","JP-31","Hinochou","日野町"
"314030","JP-31","Koufuchou","江府町"
"322016","JP-32","Matsueshi","松江市"
"322024","JP-32","Hamadashi","浜田市"
"322032","JP-32","Izumoshi","出雲市"
"322041","JP-32","Masudashi","益田市"
"322059","JP-32","Oodashi","大田市"
"322067","JP-32","Yasugishi","安来市"
"322075","JP-32","Goutsushi","江津市"
"322091","JP-32","Unnanshi","雲南市"
"323438","JP-32","Okuizumochou","奥出雲町"
"323861","JP-32","Iinanchou","飯南町"
"324418","JP-32","Kawamotomachi","川本町"
"324485","JP-32","Misatochou","美郷町"
"324493","JP-32","Oonanchou","邑南町"
"325015","JP-32","Tsuwanochou","津和野町"
"325058","JP-32","Yoshikachou","吉賀町"
"325252","JP-32","Amachou","海士町"
"325261","JP-32","Nishinoshimachou","西ノ島町"
"325279","JP-32","Chibumura","知夫村"
"325287","JP-32","Okinoshimachou","隠岐の島町"
"331007","JP-33","Okayamashi","岡山市"
"332020","JP-33","Kurashikishi","倉敷市"
"332038","JP-33","Tsuyamashi","津山市"
"332046","JP-33","Tamanoshi","玉野市"
"332054","JP-33","Kasaokashi","笠岡市"
"332071","JP-33","Ibarashi","井原市"
"332089","JP-33","Soujiyashi","総社市"
"332097","JP-33","Takahashishi","高梁市"
"332101","JP-33","Niimishi","新見市"
"332119","JP-33","Bizenshi","備前市"
"332127","JP-33","Setouchishi","瀬戸内市"
"332135","JP-33","Akaiwashi","赤磐市"
"332143","JP-33","Maniwashi","真庭市"
"332151","JP-33","Mimasakashi","美作市"
"332160","JP-33","Asakuchishi","浅口市"
"333468","JP-33","Wakechou","和気町"
"334235","JP-33","Hayashimachou","早島町"
"334456","JP-33","Satoshouchou","里庄町"
"334618","JP-33","Yakagechou","矢掛町"
"335860","JP-33","Shinjiyouson","新庄村"
"336068","JP-33","Kagaminochou","鏡野町"
"336220","JP-33","Shououchou","勝央町"
"336238","JP-33","Nagichou","奈義町"
"336432","JP-33","Nishiawakurason","西粟倉村"
"336637","JP-33","Kumenanchou","久米南町"
"336661","JP-33","Misakichou","美咲町"
"336815","JP-33","Kibichuuouchou","吉備中央町"
"341002","JP-34","Hiroshimashi","広島市"
"342025","JP-34","Kureshi","呉市"
"342033","JP-34","Takeharashi","竹原市"
"342041","JP-34","Miharashi","三原市"
"342050","JP-34","Onomichishi","尾道市"
"342076","JP-34","Fukuyamashi","福山市"
"342084","JP-34","Fuchuushi","府中市"
"342092","JP-34","Miyoshishi","三次市"
"342106","JP-34","Shoubarashi","庄原市"
"342114","JP-34","Ootakeshi","大竹市"
"342122","JP-34","Higashihiroshimashi","東広島市"
"342131","JP-34","Hatsukaichishi","廿日市市"
"342149","JP-34","Akitakatashi","安芸高田市"
"342157","JP-34","Etajimashi","江田島市"
"343021","JP-34","Fuchuuchou","府中町"
"343048","JP-34","Kaitachou","海田町"
"343072","JP-34","Kumanochou","熊野町"
"343099","JP-34","Sakachou","坂町"
"343684","JP-34","Akiootachou","安芸太田町"
"343692","JP-34","Kitahiroshimachou","北広島町"
"344311","JP-34","Oosakikamijimachou","大崎上島町"
"344621","JP-34","Serachou","世羅町"
"345458","JP-34","Jinsekikougenchou","神石高原町"
"352012","JP-35","Shimonosekishi","下関市"
"352021","JP-35","Ubeshi","宇部市"
"352039","JP-35","Yamaguchishi","山口市"
"352047","JP-35","Hagishi","萩市"
"352063","JP-35","Houfushi","防府市"
"352071","JP-35","Kudamatsushi","下松市"
"352080","JP-35","Iwakunishi","岩国市"
"352101","JP-35","Hikarishi","光市"
"352110","JP-35","Nagatoshi","長門市"
"352128","JP-35","Yanaishi","柳井市"
"352136","JP-35","Mineshi","美祢市"
"352152","JP-35","Shuunanshi","周南市"
"352161","JP-35","Sanyouonodashi","山陽小野田市"
"353051","JP-35","Suouooshimachou","周防大島町"
"353213","JP-35","Wakichou","和木町"
"353418","JP-35","Kaminosekichou","上関町"
"353434","JP-35","Tabusechou","田布施町"
"353442","JP-35","Hiraochou","平生町"
"355020","JP-35","Abuchou","阿武町"
"362018","JP-36","Tokushimashi","徳島市"
"362026","JP-36","Narutoshi","鳴門市"
"362034","JP-36","Komatsushimashi","小松島市"
"362042","JP-36","Ananshi","阿南市"
"362051","JP-36","Yoshinogawashi","吉野川市"
"362069","JP-36","Awashi","阿波市"
"362077","JP-36","Mimashi","美馬市"
"362085","JP-36","Miyoshishi","三好市"
"363014","JP-36","Katsuurachou","勝浦町"
"363022","JP-36","Kamikatsuchou","上勝町"
"363219","JP-36","Sanagouchison","佐那河内村"
"363413","JP-36","Ishiichou","石井町"
"363421","JP-36","Kamiyamachou","神山町"
"363685","JP-36","Nakachou","那賀町"
"363839","JP-36","Mugichou","牟岐町"
"363871","JP-36","Minamichou","美波町"
"363880","JP-36","Kaiyouchou","海陽町"
"364011","JP-36","Matsushigechou","松茂町"
"364029","JP-36","Kitajimachou","北島町"
"364037","JP-36","Aizumichou","藍住町"
"364045","JP-36","Itanochou","板野町"
"364053","JP-36","Kamiitachou","上板町"
"364681","JP-36","Tsurugichou","つるぎ町"
"364894","JP-36","Higashimiyoshichou","東みよし町"
"372013","JP-37","Takamatsushi","高松市"
"372021","JP-37","Marugameshi","丸亀市"
"372030","JP-37","Sakaideshi","坂出市"
"372048","JP-37","Zentsuujishi","善通寺市"
"372056","JP-37","Kan'onjishi","観音寺市"
"372064","JP-37","Sanukishi","さぬき市"
"372072","JP-37","Higashikagawashi","東かがわ市"
"372081","JP-37","Mitoyoshi","三豊市"
"373222","JP-37","Tonoshouchou","土庄町"
"373249","JP-37","Shoudoshimachou","小豆島町"
"373419","JP-37","Mikichou","三木町"
"373648","JP-37","Naoshimachou","直島町"
"373869","JP-37","Utazuchou","宇多津町"
"373877","JP-37","Ayagawachou","綾川町"
"374032","JP-37","Kotohirachou","琴平町"
"374041","JP-37","Tadotsuchou","多度津町"
"374067","JP-37","Mannouchou","まんのう町"
"382019","JP-38","Matsuyamashi","松山市"
"382027","JP-38","Imabarishi","今治市"
"382035","JP-38","Uwajimashi","宇和島市"
"382043","JP-38","Yawatahamashi","八幡浜市"
"382051","JP-38","Niihamashi","新居浜市"
"382060","JP-38","Saijoushi","西条市"
"382078","JP-38","Oozushi","大洲市"
"382108","JP-38","Iyoshi","伊予市"
"382132","JP-38","Shikokuchuuoushi","四国中央市"
"382141","JP-38","Seiyoshi","西予市"
"382159","JP-38","Touonshi","東温市"
"383562","JP-38","Kamijimachou","上島町"
"383864","JP-38","Kumakougenchou","久万高原町"
"384011","JP-38","Masakichou","松前町"
"384020","JP-38","Tobechou","砥部町"
"384224","JP-38","Uchikochou","内子町"
"384429","JP-38","Ikatachou","伊方町"
"384844","JP-38","Matsunochou","松野町"
"384887","JP-38","Kihokuchou","鬼北町"
"385069","JP-38","Ainanchou","愛南町"
"392014","JP-39","Kouchishi","高知市"
"392022","JP-39","Murotoshi","室戸市"
"392031","JP-39","Akishi","安芸市"
"392049","JP-39","Nankokushi","南国市"
"392057","JP-39","Tosashi","土佐市"
"392065","JP-39","Susakishi","須崎市"
"392081","JP-39","Sukumoshi","宿毛市"
"392090","JP-39","Tosashimizushi","土佐清水市"
"392103","JP-39","Shimantoshi","四万十市"
"392111","JP-39","Kounanshi","香南市"
"392120","JP-39","Kamishi","香美市"
"393011","JP-39","Touyouchou","東洋町"
"393029","JP-39","Naharichou","奈半利町"
"393037","JP-39","Tanochou","田野町"
"393045","JP-39","Yasudachou","安田町"
"393053","JP-39","Kitagawamura","北川村"
"393061","JP-39","Umajimura","馬路村"
"393070","JP-39","Geiseimura","芸西村"
"393410","JP-39","Motoyamachou","本山町"
"393444","JP-39","Ootoyochou","大豊町"
"393631","JP-39","Tosachou","土佐町"
"393649","JP-39","Ookawamura","大川村"
"393860","JP-39","Inochou","いの町"
"393878","JP-39","Niyodogawachou","仁淀川町"
"394017","JP-39","Nakatosachou","中土佐町"
"394025","JP-39","Sakawachou","佐川町"
"394033","JP-39","Ochichou","越知町"
"394050","JP-39","Yusuharachou","梼原町"
"394106","JP-39","Hidakamura","日高村"
"394114","JP-39","Tsunochou","津野町"
"394122","JP-39","Shimantochou","四万十町"
"394246","JP-39","Ootsukichou","大月町"
"394271","JP-39","Miharamura","三原村"
"394289","JP-39","Kuroshiochou","黒潮町"
"401005","JP-40","Kitakyuushuushi","北九州市"
"401307","JP-40","Fukuokashi","福岡市"
"402028","JP-40","Oomutashi","大牟田市"
"402036","JP-40","Kurumeshi","久留米市"
"402044","JP-40","Noogatashi","直方市"
"402052","JP-40","Iizukashi","飯塚市"
"402061","JP-40","Tagawashi","田川市"
"402079","JP-40","Yanagawashi","柳川市"
"402109","JP-40","Yameshi","八女市"
"402117","JP-40","Chikugoshi","筑後市"
"402125","JP-40","Ookawashi","大川市"
"402133","JP-40","Yukuhashishi","行橋市"
"402141","JP-40","Buzenshi","豊前市"
"402150","JP-40","Nakamashi","中間市"
"402168","JP-40","Ogoorishi","小郡市"
"402176","JP-40","Chikushinoshi","筑紫野市"
"402184","JP-40","Kasugashi","春日市"
"402192","JP-40","Oonojoushi","大野城市"
"402206","JP-40","Munakatashi","宗像市"
"402214","JP-40","Dazaifushi","太宰府市"
"402231","JP-40","Kogashi","古賀市"
"402249","JP-40","Fukutsushi","福津市"
"402257","JP-40","Ukihashi","うきは市"
"402265","JP-40","Miyawakashi","宮若市"
"402273","JP-40","Kamashi","嘉麻市"
"402281","JP-40","Asakurashi","朝倉市"
"402290","JP-40","Miyamashi","みやま市"
"402303","JP-40","Itoshimashi","糸島市"
"402311","JP-40","Nakagawashi","那珂川市"
"403415","JP-40","Umimachi","宇美町"
"403423","JP-40","Sasagurimachi","篠栗町"
"403431","JP-40","Shimemachi","志免町"
"403440","JP-40","Suemachi","須恵町"
"403458","JP-40","Shinguumachi","新宮町"
"403482","JP-40","Hisayamamachi","久山町"
"403491","JP-40","Kasuyamachi","粕屋町"
"403814","JP-40","Ashiyamachi","芦屋町"
"403822","JP-40","Mizumakimachi","水巻町"
"403831","JP-40","Okagakimachi","岡垣町"
"403849","JP-40","Ongachou","遠賀町"
"404012","JP-40","Kotakemachi","小竹町"
"404021","JP-40","Kuratemachi","鞍手町"
"404217","JP-40","Keisenmachi","桂川町"
"404471","JP-40","Chikuzenmachi","筑前町"
"404489","JP-40","Touhoumura","東峰村"
"405035","JP-40","Tachiaraimachi","大刀洗町"
"405221","JP-40","Ookimachi","大木町"
"405442","JP-40","Hirokawamachi","広川町"
"406015","JP-40","Kawaramachi","香春町"
"406023","JP-40","Soedamachi","添田町"
"406040","JP-40","Itodamachi","糸田町"
"406058","JP-40","Kawasakimachi","川崎町"
"406082","JP-40","Ootoumachi","大任町"
"406091","JP-40","Akamura","赤村"
"406104","JP-40","Fukuchimachi","福智町"
"406210","JP-40","Kandamachi","苅田町"
"406252","JP-40","Miyakomachi","みやこ町"
"406422","JP-40","Yoshitomimachi","吉富町"
"406465","JP-40","Kougemachi","上毛町"
"406473","JP-40","Chikujoumachi","築上町"
"412015","JP-41","Sagashi","佐賀市"
"412023","JP-41","Karatsushi","唐津市"
"412031","JP-41","Tosushi","鳥栖市"
"412040","JP-41","Takushi","多久市"
"412058","JP-41","Imarishi","伊万里市"
"412066","JP-41","Takeoshi","武雄市"
"412074","JP-41","Kashimashi","鹿島市"
"412082","JP-41","Ogishi","小城市"
"412091","JP-41","Ureshinoshi","嬉野市"
"412104","JP-41","Kanzakishi","神埼市"
"413275","JP-41","Yoshinogarichou","吉野ヶ里町"
"413411","JP-41","Kiyamachou","基山町"
"413453","JP-41","Kamiminechou","上峰町"
"413461","JP-41","Miyakichou","みやき町"
"413879","JP-41","Genkaichou","玄海町"
"414018","JP-41","Aritachou","有田町"
"414239","JP-41","Oomachichou","大町町"
"414247","JP-41","Kouhokumachi","江北町"
"414255","JP-41","Shiroishichou","白石町"
"414417","JP-41","Tarachou","太良町"
"422011","JP-42","Nagasakishi","長崎市"
"422029","JP-42","Saseboshi","佐世保市"
"422037","JP-42","Shimabarashi","島原市"
"422045","JP-42","Isahayashi","諫早市"
"422053","JP-42","Oomurashi","大村市"
"422070","JP-42","Hiradoshi","平戸市"
"422088","JP-42","Matsuurashi","松浦市"
"422096","JP-42","Tsushimashi","対馬市"
"422100","JP-42","Ikishi","壱岐市"
"422118","JP-42","Gotoushi","五島市"
"422126","JP-42","Saikaishi","西海市"
"422134","JP-42","Unzenshi","雲仙市"
"422142","JP-42","Minamishimabarashi","南島原市"
"423076","JP-42","Nagayochou","長与町"
"423084","JP-42","Togitsuchou","時津町"
"423211","JP-42","Higashisonogichou","東彼杵町"
"423220","JP-42","Kawatanachou","川棚町"
"423238","JP-42","Hasamichou","波佐見町"
"423831","JP-42","Ojikachou","小値賀町"
"423912","JP-42","Sazachou","佐々町"
"424111","JP-42","Shinkamigotouchou","新上五島町"
"431001","JP-43","Kumamotoshi","熊本市"
"432024","JP-43","Yatsushiroshi","八代市"
"432032","JP-43","Hitoyoshishi","人吉市"
"432041","JP-43","Araoshi","荒尾市"
"432059","JP-43","Minamatashi","水俣市"
"432067","JP-43","Tamanashi","玉名市"
"432083","JP-43","Yamagashi","山鹿市"
"432105","JP-43","Kikuchishi","菊池市"
"432113","JP-43","Utoshi","宇土市"
"432121","JP-43","Kamiamakusashi","上天草市"
"432130","JP-43","Ukishi","宇城市"
"432148","JP-43","Asoshi","阿蘇市"
"432156","JP-43","Amakusashi","天草市"
"432164","JP-43","Koushishi","合志市"
"433489","JP-43","Misatomachi","美里町"
"433641","JP-43","Gyokutoumachi","玉東町"
"433675","JP-43","Nankanmachi","南関町"
"433683","JP-43","Nagasumachi","長洲町"
"433691","JP-43","Nagomimachi","和水町"
"434035","JP-43","Oozumachi","大津町"
"434043","JP-43","Kikuyoumachi","菊陽町"
"434230","JP-43","Minamiogunimachi","南小国町"
"434248","JP-43","Ogunimachi","小国町"
"434256","JP-43","Ubuyamamura","産山村"
"434281","JP-43","Takamorimachi","高森町"
"434329","JP-43","Nishiharamura","西原村"
"434337","JP-43","Minamiasomura","南阿蘇村"
"434418","JP-43","Mifunemachi","御船町"
"434426","JP-43","Kashimamachi","嘉島町"
"434434","JP-43","Mashikimachi","益城町"
"434442","JP-43","Kousamachi","甲佐町"
"434477","JP-43","Yamatochou","山都町"
"434680","JP-43","Hikawachou","氷川町"
"434825","JP-43","Ashikitamachi","芦北町"
"434841","JP-43","Tsunagimachi","津奈木町"
"435015","JP-43","Nishikimachi","錦町"
"435058","JP-43","Taragimachi","多良木町"
"435066","JP-43","Yunomaemachi","湯前町"
"435074","JP-43","Mizukamimura","水上村"
"435104","JP-43","Sagaramura","相良村"
"435112","JP-43","Itsukimura","五木村"
"435121","JP-43","Yamaemura","山江村"
"435139","JP-43","Kumamura","球磨村"
"435147","JP-43","Asagirichou","あさぎり町"
"435317","JP-43","Reihokumachi","苓北町"
"442011","JP-44","Ooitashi","大分市"
"442020","JP-44","Beppushi","別府市"
"442038","JP-44","Nakatsushi","中津市"
"442046","JP-44","Hitashi","日田市"
"442054","JP-44","Saikishi","佐伯市"
"442062","JP-44","Usukishi","臼杵市"
"442071","JP-44","Tsukumishi","津久見市"
"442089","JP-44","Taketashi","竹田市"
"442097","JP-44","Bungotakadashi","豊後高田市"
"442101","JP-44","Kitsukishi","杵築市"
"442119","JP-44","Usashi","宇佐市"
"442127","JP-44","Bungooonoshi","豊後大野市"
"442135","JP-44","Yufushi","由布市"
"442143","JP-44","Kunisakishi","国東市"
"443221","JP-44","Himeshimamura","姫島村"
"443417","JP-44","Hijimachi","日出町"
"444618","JP-44","Kokonoemachi","九重町"
"444626","JP-44","Kusumachi","玖珠町"
"452017","JP-45","Miyazakishi","宮崎市"
"452025","JP-45","Miyakonojoushi","都城市"
"452033","JP-45","Nobeokashi","延岡市"
"452041","JP-45","Nichinanshi","日南市"
"452050","JP-45","Kobayashishi","小林市"
"452068","JP-45","Hyuugashi","日向市"
"452076","JP-45","Kushimashi","串間市"
"452084","JP-45","Saitoshi","西都市"
"452092","JP-45","Ebinoshi","えびの市"
"453412","JP-45","Mimatachou","三股町"
"453617","JP-45","Takaharuchou","高原町"
"453820","JP-45","Kunitomichou","国富町"
"453838","JP-45","Ayachou","綾町"
"454010","JP-45","Takanabechou","高鍋町"
"454028","JP-45","Shintomichou","新富町"
"454036","JP-45","Nishimerason","西米良村"
"454044","JP-45","Kijouchou","木城町"
"454052","JP-45","Kawaminamichou","川南町"
"454061","JP-45","Tsunochou","都農町"
"454214","JP-45","Kadogawachou","門川町"
"454290","JP-45","Morotsukason","諸塚村"
"454303","JP-45","Shiibason","椎葉村"
"454311","JP-45","Misatochou","美郷町"
"454419","JP-45","Takachihochou","高千穂町"
"454427","JP-45","Hinokagechou","日之影町"
"454435","JP-45","Gokasechou","五ヶ瀬町"
"462012","JP-46","Kagoshimashi","鹿児島市"
"462039","JP-46","Kanoyashi","鹿屋市"
"462047","JP-46","Makurazakishi","枕崎市"
"462063","JP-46","Akuneshi","阿久根市"
"462080","JP-46","Izumishi","出水市"
"462101","JP-46","Ibusukishi","指宿市"
"462136","JP-46","Nishinoomoteshi","西之表市"
"462144","JP-46","Tarumizushi","垂水市"
"462152","JP-46","Satsumasendaishi","薩摩川内市"
"462161","JP-46","Hiokishi","日置市"
"462179","JP-46","Sooshi","曽於市"
"462187","JP-46","Kirishimashi","霧島市"
"462195","JP-46","Ichikikushikinoshi","いちき串木野市"
"462209","JP-46","Minamisatsumashi","南さつま市"
"462217","JP-46","Shibushishi","志布志市"
"462225","JP-46","Amamishi","奄美市"
"462233","JP-46","Minamikyuushuushi","南九州市"
"462241","JP-46","Isashi","伊佐市"
"462250","JP-46","Airashi","姶良市"
"463035","JP-46","Mishimamura","三島村"
"463043","JP-46","Toshimamura","十島村"
"463922","JP-46","Satsumachou","さつま町"
"464040","JP-46","Nagashimachou","長島町"
"464520","JP-46","Yuusuichou","湧水町"
"464686","JP-46","Oosakichou","大崎町"
"464821","JP-46","Higashikushirachou","東串良町"
"464902","JP-46","Kinkouchou","錦江町"
"464911","JP-46","Minamioosumichou","南大隅町"
"464929","JP-46","Kimotsukichou","肝付町"
"465011","JP-46","Nakatanechou","中種子町"
"465020","JP-46","Minamitanechou","南種子町"
"465054","JP-46","Yakushimachou","屋久島町"
"465232","JP-46","Yamatoson","大和村"
"465241","JP-46","Ukenson","宇検村"
"465259","JP-46","Setouchichou","瀬戸内町"
"465275","JP-46","Tatsugouchou","龍郷町"
"465291","JP-46","Kikaichou","喜界町"
"465305","JP-46","Tokunoshimachou","徳之島町"
"465313","JP-46","Amagichou","天城町"
"465321","JP-46","Isenchou","伊仙町"
"465330","JP-46","Wadomarichou","和泊町"
"465348","JP-46","Chinachou","知名町"
"465356","JP-46","Yoronchou","与論町"
"472018","JP-47","Nahashi","那覇市"
"472051","JP-47","Ginowanshi","宜野湾市"
"472077","JP-47","Ishigakishi","石垣市"
"472085","JP-47","Urasoeshi","浦添市"
"472093","JP-47","Nagoshi","名護市"
"472107","JP-47","Itomanshi","糸満市"
"472115","JP-47","Okinawashi","沖縄市"
"472123","JP-47","Tomigusukushi","豊見城市"
"472131","JP-47","Urumashi","うるま市"
"472140","JP-47","Miyakojimashi","宮古島市"
"472158","JP-47","Nanjoushi","南城市"
"473014","JP-47","Kunigamison","国頭村"
"473022","JP-47","Oogimison","大宜味村"
"473031","JP-47","Higashison","東村"
"473065","JP-47","Nakijinson","今帰仁村"
"473081","JP-47","Motobuchou","本部町"
"473111","JP-47","Onnason","恩納村"
"473138","JP-47","Ginozason","宜野座村"
"473146","JP-47","Kinchou","金武町"
"473154","JP-47","Ieson","伊江村"
"473243","JP-47","Yomitanson","読谷村"
"473251","JP-47","Kadenachou","嘉手納町"
"473260","JP-47","Chiyatanchou","北谷町"
"473278","JP-47","Kitanakagusukuson","北中城村"
"473286","JP-47","Nakagusukuson","中城村"
"473294","JP-47","Nishiharachou","西原町"
"473481","JP-47","Yonabaruchou","与那原町"
"473502","JP-47","Haebaruchou","南風原町"
"473537","JP-47","Tokashikison","渡嘉敷村"
"473545","JP-47","Zamamison","座間味村"
"473553","JP-47","Agunison","粟国村"
"473561","JP-47","Tonakison","渡名喜村"
"473570","JP-47","Minamidaitouson","南大東村"
"473588","JP-47","Kitadaitouson","北大東村"
"473596","JP-47","Iheyason","伊平屋村"
"473600","JP-47","Izenason","伊是名村"
"473618","JP-47","Kumejimachou","久米島町"
"473626","JP-47","Yaesechou","八重瀬町"
"473758","JP-47","Taramason","多良間村"
"473812","JP-47","Taketomichou","竹富町"
"473821","JP-47","Yonagunichou","与那国町"
